ticker,series_id,fund_name,first_year,last_year,net_assets_last
HUSE,S000031175,Strategy Shares US Market Rotation Strategy ETF,2019,2019,188525552.87
FWDD,S000031214,AdvisorShares Madrona Domestic ETF,2018,2018,28864345
FWDI,S000031215,AdvisorShares Madrona International ETF,2018,2018,12780912
MATH,S000031642,AdvisorShares Meidell Tactical Advantage ETF,2018,2018,13496571
RLY,S000033059,SPDR SSGA Multi-Asset Real Return ETF,2018,2025,498967144.95153846
INKM,S000033060,SPDR SSGA Income Allocation ETF,2018,2025,73255540.78
GAL,S000033062,SPDR SSGA Global Allocation ETF,2018,2025,241865604.37076923
DWAT,S000041726,Arrow DWA Tactical: Macro ETF,2018,2024,2901404.84355191
HTUS,S000042584,Hull Tactical US ETF,2019,2022,24544110.16
GMOM,S000043316,Cambria Global Momentum ETF,2019,2025,116919230
WBIH,S000044176,WBI BullBear Global High Income ETF,2018,2018,273726115.45
WBII,S000044184,WBI BullBear Global Income ETF,2018,2023,40242871
GAA,S000047294,Cambria Global Asset Allocation ETF,2019,2025,54604092
WBIR,S000051544,WBI BullBear Global Rotation ETF,2018,2018,20339785.252
FCEF,S000053967,First Trust Income Opportunities ETF,2018,2025,43662371.1
XLSR,S000054091,SPDR(R) SSGA U.S. Sector Rotation ETF,2019,2025,649583560.33461538
FISR,S000055185,SPDR SSGA Fixed Income Sector Rotation ETF,2019,2025,324091895.4176923
TERM,S000056062,EquityCompass Tactical Risk Manager ETF,2018,2021,12535569.37
FFHG,S000056066,FormulaFolios Hedged Growth ETF,2019,2023,52756831.64676707
FFTI,S000056067,FormulaFolios Tactical Income ETF,2019,2023,97592169.71501371
PSMC,S000056347,Invesco Conservative Multi-Asset Allocation ETF,2018,2022,14494519.0008333
PSMM,S000056348,Invesco Moderately Conservative Multi-Asset Allocation ETF,2018,2022,22091856.0491667
PSMB,S000056349,Invesco Balanced Multi-Asset Allocation ETF,2018,2022,30214029.25
PSMG,S000056350,Invesco Growth Multi-Asset Allocation ETF,2018,2022,23004111.0675
CEFS,S000056657,Saba Closed-End Funds ETF,2018,2025,284152613.21493101
VMOT,S000057372,Alpha Architect Value Momentum Trend ETF,2022,2024,28563748.7
OCIO,S000057712,ClearShares OCIO ETF,2019,2025,145576310.17
SECT,S000058154,Main Sector Rotation ETF,2019,2025,2051474057.13
FFSG,S000059209,FormulaFolios Smart Growth ETF,2019,2023,25730468.56367122
FFTG,S000059210,FormulaFolios Tactical Growth ETF,2019,2023,27337931.34257535
DALT,S000059538,Anfield Capital Diversified Alternatives ETF,2019,2023,63206176.04991781
RAAX,S000059742,VanEck Real Assets ETF,2019,2025,113546200.65384615
THY,S000060136,Toews Agility Shares Dynamic Tactical Income ETF,2021,2025,32919530.76301371
MRSK,S000060147,Toews Agility Shares Managed Risk ETF,2021,2025,181768430.95942473
MSUS,S000061427,LHA Market State U.S. Tactical ETF,2018,2019,5733323
NTSX,S000061867,WisdomTree U.S. Efficient Core Fund,2019,2025,1159777027
GDG,S000062881,Gadsden Dynamic Growth ETF,2019,2019,22223965
GDMA,S000062882,Gadsden Dynamic Multi-Asset ETF,2019,2020,59276120
TRTY,S000062926,Cambria Trinity ETF,2019,2025,109436710
MAAX,S000062990,VanEck Muni Allocation ETF,2022,2023,2652874.99461538
WBIT,S000065589,WBI BullBear Trend Switch US 3000 Total Return ETF,2019,2023,23363133
WBIN,S000065590,WBI BullBear Trend Switch US Total Return ETF,2020,2020,25072142
LCR,S000066699,Leuthold Core ETF,2020,2024,80563086.285
SSUS,S000066772,Day Hagan Smart Sector ETF,2020,2025,600605795.04
RPAR,S000066941,RPAR Risk Parity ETF,2020,2025,532747374.04
AESR,S000067047,Anfield U.S. Equity Sector Rotation ETF,2020,2025,139700147.78551924
DWAW,S000067383,AdvisorShares Dorsey Wright FSM All Cap World ETF,2020,2025,80350338
DWUS,S000067384,AdvisorShares Dorsey Wright FSM US Core ETF,2020,2025,113568175
TAEQ,S000067517,Trend Aggregation U.S. ETF,2021,2021,48050643.54
TEGS,S000067518,Trend Aggregation ESG ETF,2021,2021,16525188.36
RSPY,S000067519,Revere Sector Opportunity ETF,2022,2023,6983771.11
TADS,S000067520,Trend Aggregation Dividend Stock ETF,2021,2021,38008703.21
TAAG,S000067521,Trend Aggregation Growth ETF,2021,2021,7146339.3
TDSA,S000068386,Cabana Target Drawdown 5 ETF,2021,2023,28287279
TDSB,S000068387,Cabana Target Beta ETF,2021,2025,93160815.25783559
TDSC,S000068388,Cabana Target Drawdown 10 ETF,2021,2025,204948152.45317793
TDSD,S000068389,Cabana Target Drawdown 13 ETF,2021,2023,192774914
TDSE,S000068390,Cabana Target Drawdown 16 ETF,2021,2023,142437264
MSTB,S000069542,LHA Market State Tactical Beta ETF,2020,2025,157314133.35
TACE,S000069579,Trend Aggregation Conservative ETF,2021,2021,12853862.32
RORO,S000070010,ATAC US Rotation ETF,2021,2025,4908559.487
QPT,S000070110,AdvisorShares Q Portfolio Blended Allocation ETF,2021,2022,4216664
QPX,S000070111,AdvisorShares Q Dynamic Growth ETF,2021,2025,25077491
PSFF,S000070378,Pacer Swan SOS Fund of Funds ETF,2021,2025,302198357
AGOX,S000070423,Adaptive Alpha Opportunities ETF,2021,2025,308101723.34
OPPX,S000070604,Corbett Road Tactical Opportunity ETF,2021,2023,19489232
NTSI,S000071808,WisdomTree International Efficient Core Fund,2021,2025,359119059
NTSE,S000071810,WisdomTree Emerging Markets Efficient Core Fund,2021,2025,28211628
FOMO,S000071924,FOMO ETF,2022,2022,5509807.69
CLSA,S000072146,Cabana Target Leading Sector Aggressive ETF,2022,2023,148101155
CLSC,S000072147,Cabana Target Leading Sector Conservative ETF,2022,2023,186966153
CLSM,S000072148,Cabana Target Leading Sector Moderate ETF,2022,2025,153625086.76420325
AMAX,S000072156,Adaptive Hedged Multi-Asset Income ETF,2022,2025,21019401.48
RHRX,S000072157,RH Tactical Rotation ETF,2022,2025,15759329.42
RHTX,S000072159,RH Tactical Outlook ETF,2022,2025,9128376.95
LEXI,S000072266,Alexis Practical Tactical ETF,2022,2025,96997920
SAVN,S000072348,LifeGoal Conservative Wealth Builder ETF,2022,2022,1464095
HOM,S000072349,LifeGoal Home Down Payment Investment ETF,2022,2022,1267498
WLTH,S000072351,LifeGoal Wealth Builder ETF,2022,2022,1968259
INTL,S000072613,Main International ETF,2023,2025,126892395.09
DSCF,S000072739,Discipline Fund ETF,2022,2024,38058104.61
RULE,S000072878,Adaptive Core ETF,2022,2024,38807372.02
MFUL,S000072879,Mindful Conservative ETF,2022,2024,58205914.52
KGRO,S000072918,KraneShares China Innovation ETF,2022,2023,1908872.71
SSFI,S000073631,Day Hagan Smart Sector Fixed Income ETF,2022,2025,38261188.16
GHTA,S000073730,Goose Hollow Tactical Allocation ETF,2022,2024,37553360.49
BUFG,S000074006,FT Vest Buffered Allocation Growth ETF,2022,2025,255882666.19
BUFT,S000074008,FT Vest Buffered Allocation Defensive ETF,2022,2025,119991795.15
MSMR,S000074297,McElhenny Sheffield Managed Risk ETF,2022,2025,113593005
UPAR,S000074863,UPAR Ultra Risk Parity ETF,2022,2025,60094038.02
FLTN,S000074922,Rareview Inflation/Deflation ETF,2022,2023,16286431.56
MSTQ,S000075031,LHA Market State Tactical Q ETF,2022,2025,27388270.66
IRBA,S000075084,iMGP RBA Responsible Global Allocation ETF,2022,2023,8188122.20076923
FIG,S000075091,Simplify Macro Strategy ETF,2022,2024,32856180
TACK,S000075505,Fairlead Tactical Sector ETF,2023,2026,254160045.96147901
MOOD,S000075783,Relative Sentiment Tactical Allocation ETF,2023,2026,53434692.8
INC,S000076160,VanEck Dynamic High Income ETF,2023,2024,743207.48461538
SSXU,S000076645,Day Hagan Smart Sector International ETF,2023,2025,36567382.15
DYTA,S000076676,SGI Dynamic Tactical ETF,2023,2024,83975974
HFND,S000077333,Unlimited HFND Multi-Strategy Return Tracker ETF,2023,2025,31656550.41
AVGE,S000077486,Avantis All Equity Markets ETF,2023,2024,311259753.573077
XCOR,S000077552,FundX ETF,2023,2024,151221231
XNAV,S000077553,FundX Aggressive ETF,2023,2024,25459701
HIDE,S000077708,Alpha Architect High Inflation and Deflation ETF,2023,2024,21611873.89
MODL,S000077771,VictoryShares WestEnd U.S. Sector ETF,2023,2025,455316819.83
IGTR,S000078008,Innovator Gradient Tactical Rotation Strategy ETF,2023,2025,89879792.0241918
ARP,S000079261,PMV Adaptive Risk Parity ETF,2023,2025,38216292
SNAV,S000079362,Mohr Sector Nav ETF,2023,2024,50090358
FDIF,S000079690,Fidelity Disruptors ETF,2024,2025,91820313
RSSB,S000079703,Return Stacked Global Stocks & Bonds ETF,2024,2026,321874829.34
HF,S000079922,DGA Core Plus Absolute Return ETF,2024,2024,16542297.72
BDGS,S000079940,Bridges Capital Tactical ETF,2024,2026,38897451.28
MKAM,S000079961,MKAM ETF,2024,2026,9726005.87
BSR,S000080116,Beacon Selective Risk ETF,2024,2026,26758601.36483516
BTR,S000080117,Beacon Tactical Risk ETF,2024,2026,24930738.98824174
FDAT,S000080161,Tactical Advantage ETF,2024,2026,33694620.12
HCMT,S000080459,Direxion HCM Tactical Enhanced US ETF,2023,2025,461176413.937808
INCM,S000080465,Franklin Income Focus ETF,2024,2026,907599834.55
RMIF,S000080534,LHA Risk-Managed Income ETF ,2023,2025,34513787.37
AVGV,S000080557,Avantis All Equity Markets Value ETF,2023,2024,56571818.2907692
AVMA,S000080559,Avantis Moderate Allocation ETF,2023,2024,8214274.72538461
AVNM,S000080560,Avantis All International Markets Equity ETF,2023,2024,14016715.7869231
AVNV,S000080561,Avantis All International Markets Value ETF,2023,2024,1876476.57076923
CGBL,S000080721,Capital Group Core Balanced ETF,2023,2025,2821825722.27
MAPP,S000080799,Harbor Multi-Asset Explorer ETF,2023,2025,5539236.35
FDCE,S000080857,Foundations Dynamic Core ETF,2024,2024,4313747.95
FDGR,S000080858,Foundations Dynamic Growth ETF,2024,2024,7918755.4
FDTB,S000080859,Foundations Dynamic Income ETF,2024,2024,6843761.02
FDVL,S000080860,Foundations Dynamic Value ETF,2024,2024,6108718.01551155
KEM,S000081605,KraneShares Dynamic Emerging Markets Strategy ETF,2024,2025,4582169.47512329
BAMA,S000081760,Brookstone Active ETF,2024,2025,39420989.11835613
BAMO,S000081764,Brookstone Opportunities ETF,2024,2025,37056046.35808216
BAMY,S000081767,Brookstone Yield ETF,2024,2025,35759253.27361643
DFGE,S000081781,Dimensional World Equity ETF,2023,2025,701145773.64
GGM,S000081846,GGM Macro Alignment ETF,2024,2025,20459409.2404932
IRTR,S000082197,iShares LifePath Retirement ETF,2024,2025,12456821.48
ITDI,S000082198,iShares LifePath Target Date 2065 ETF,2024,2025,8234230.37
ITDA,S000082199,iShares LifePath Target Date 2025 ETF,2024,2024,2887594
ITDB,S000082200,iShares LifePath Target Date 2030 ETF,2024,2025,17972897.21
ITDC,S000082201,iShares LifePath Target Date 2035 ETF,2024,2025,25821723.36
ITDD,S000082202,iShares LifePath Target Date 2040 ETF,2024,2025,24371642.14
ITDE,S000082203,iShares LifePath Target Date 2045 ETF,2024,2025,22467032.84
ITDF,S000082204,iShares LifePath Target Date 2050 ETF,2024,2025,21714596.43
ITDG,S000082205,iShares LifePath Target Date 2055 ETF,2024,2025,14544528.52
ITDH,S000082206,iShares LifePath Target Date 2060 ETF,2024,2025,9465486.92
TBFG,S000082648,The Brinsmere Fund - Growth ETF,2024,2024,275516805.988
TBFC,S000082649,The Brinsmere Fund - Conservative ETF,2024,2024,283152822.042
XFLX,S000082812,FundX Flexible ETF,2024,2024,60300014
XRLX,S000082813,FundX Conservative ETF,2024,2024,56773036
DYFI,S000082864,IDX Dynamic Fixed Income ETF,2024,2025,37636573.67
DYNI,S000082865,IDX Dynamic Innovation ETF,2024,2024,29891598.15
CCEF,S000083148,Calamos CEF Income & Arbitrage ETF,2024,2025,16509760.52
PRAE,S000083335,PlanRock Alternative Growth Fund,2024,2025,8776419.49
YMAG,S000083695,YieldMax Magnificent 7 Fund of Option Income ETFs,2024,2025,336928653.058
YMAX,S000083696,YieldMax Universe Fund of Option Income ETFs,2024,2025,805393713.943
KEAT,S000084024,Keating Active ETF,2025,2026,92708371.49
DRAI,S000084615,Draco Evolution AI ETF,2025,2025,10638068.14
PSTR,S000084644,PeakShares Sector Rotation ETF,2025,2026,37046008.75013696
FCTE,S000085612,SMI 3Fourteen Full-Cycle Trend ETF,2024,2025,419813149.38
DUKZ,S000085656,Ocean Park Diversified Income ETF,2025,2025,6407214.48873239
DUKQ,S000085657,Ocean Park Domestic ETF,2025,2025,7498442.49374647
DUKH,S000085658,Ocean Park High Income ETF,2025,2025,5053643.10312676
DUKX,S000085659,Ocean Park International ETF,2025,2025,1445562.40011267
HFSP,S000086352,TradersAI Large Cap Equity & Cash ETF,2025,2025,1001785
TSPX,S000086570,Twin Oak Active Opportunities ETF,2025,2025,335542515.813
XDIV,S000086582,Roundhill S&P 500 No Dividend Target ETF,2025,2025,12722034.662
GMMA,S000086669,GammaRoad Market Navigation ETF,2025,2025,4350143
SPBX,S000087697,AllianzIM 6 Month Buffer10 Allocation ETF,2025,2025,27236734.03
SPBW,S000087698,AllianzIM Buffer20 Allocation ETF,2025,2025,30830525.75
TAX,S000088134,Cambria Tax Aware ETF,2025,2025,28917169.451
ENDW,S000088135,Cambria Endowment Style ETF,2025,2025,113876610.01
USAF,S000088240,Atlas America Fund,2025,2025,11810643
NDAA,S000088329,Ned Davis Research 360 Dynamic Allocation ETF,2025,2025,2033994
ITDJ,S000088407,iShares LifePath Target Date 2070 ETF,2025,2025,1903931.59
CORO,S000088408,iShares International Country Rotation Active ETF,2025,2025,6962791.75625
EMPB,S000089095,Efficient Market Portfolio Plus ETF,2025,2025,10601674.047
RSBA,S000089361,Return Stacked Bonds & Merger Arbitrage ETF,2025,2026,21460022.78
YFYA,S000089419,Yields for You Income Strategy A ETF,2025,2025,25803349
RSMV,S000089421,Relative Strength Managed Volatility Strategy ETF,2025,2025,58786766
FARX,S000089433,Frontier Asset Absolute Return ETF,2025,2025,10911372
ONEZ,S000089479,TrueShares Seasonality Laddered Buffered ETF ,2025,2025,69549275
HBTA,S000089818,Horizon Expedition Plus ETF,2025,2025,54751488.414
LENS,S000089845,Sarmaya Thematic ETF,2025,2025,6357633.388
ALLW,S000089966,SPDR Bridgewater All Weather ETF,2025,2025,301950141.0175
SPBU,S000090423,AllianzIM Buffer15 Uncapped Allocation ETF,2025,2025,41086039.60999999
RAA,S000090496,SMI 3Fourteen REAL Asset Allocation ETF,2025,2025,439625672
AAAA,S000090747,Amplius Aggressive Asset Allocation ETF,2026,2026,230264586.311
GEW,S000090982,Cambria Global EW ETF,2025,2025,153081265.017
RSSX,S000091930,Return Stacked U.S. Stocks & Gold/Bitcoin ETF,2026,2026,25240056.8931837
HECA,S000092394,Hedgeye Capital Allocation ETF,2025,2025,29563347
HOLD,S000093653,Harbor Alpha Layering ETF,2025,2025,3956335.79333333
THRV,S000094663,Prospera Income ETF,2025,2025,1808607
GMOD,S000094781,GMO Dynamic Allocation ETF,2026,2026,19928325.292
GLDB,S000095158,IDX Alternative FIAT ETF,2025,2025,6623371
FFF,S000095795,Founders 100 ETF,2025,2025,857176.2
